OBJECTID,ACCIDENTNUM,ACCIDENTDATE,ACCIDENT_YEAR,ACCIDENT_MONTH,ACCIDENT_DAY,ACCIDENT_HOUR,ACCIDENT_MINUTE,ACCIDENT_SECOND,ACCIDENT_WEEKDAY,XCOORD,YCOORD,LONGITUDE,LATITUDE,ACCIDENTLOCATION,COLLISIONTYPE,CLASSIFICATIONOFACCIDENT,IMPACTLOCATION,INITIALDIRECTIONOFTRAVELONE,INITIALDIRECTIONOFTRAVELTWO,INITIALIMPACTTYPE,INTTRAFFICCONTROL,LIGHT,LIGHTFORREPORT,ROADJURISDICTION,TRAFFICCONTROL,TRAFFICCONTROLCONDITION,THRULANENO,NORTHBOUNDDISOBEYCOUNT,SOUTHBOUNDDISOBEYCOUNT,PEDESTRIANINVOLVED,CYCLISTINVOLVED,MOTORCYCLISTINVOLVED,ENVIRONMENTCONDITION1,ENVIRONMENTCONDITION2,SELFREPORTED,XMLIMPORTNOTES,LASTEDITEDDATE,CREATE_BY,CREATE_DATE
52321,22175264,1658688300000,2022,7,24,18,45,0,Sunday,543726.49924,4811803.7494,-80.459507,43.457873,Intersection related,1,Non-fatal injury,Not on roadway - right side,unknown,unknown,SMV other,Unknown,Daylight,01 - Daylight,Regional municipality,unknown,unknown,0,0,0,False,False,False,Clear,,False,Road 1: KRUG ST (60 km/h); Road 2: KENSINGTON AVE; Distance: 1.0 M E; Vehicle #1     Make: CHEV     Model: CZT     Colour: BLK     Style: 4D,12/22/2022 9:32:32 AM,,
52322,22175676,1657574100000,2022,7,11,21,15,0,Monday,545496.97317,4812153.27126,-80.43759399999999,43.460913999999995,Other,2,Non-reportable,Not on roadway - right side,unknown,unknown,SMV unattended vehicle,Unknown,Dark,07 - Dark,Municipal (excl. Twp. Rd.),No control,unknown,0,0,0,False,False,False,Rain,,True,Road 1: OAKHURST CRESCENT (IFO 36); Vehicle #1     Make:      Model:      Colour:      Style: ; Vehicle #2     Make: HOND     Model: AXL     Colour: GRY     Style: 4D,12/22/2022 9:29:39 AM,,
52323,22175774,1657349100000,2022,7,9,6,45,0,Saturday,540119.44951,4805796.25139,-80.504533,43.403983,Non intersection,2,P.D. only,Thru lane,unknown,unknown,Other,Unknown,Daylight,01 - Daylight,Municipal (excl. Twp. Rd.),No control,unknown,0,0,0,False,False,False,Clear,,True,Road 1: 210 MAX BECKER DR; Vehicle #1     Make: TOYT     Model: CBS     Colour: SIL     Style: 4D; Vehicle #2     Make: HOND     Model: CRV     Colour: BLU     Style: TY,12/22/2022 9:28:20 AM,,
52324,22175914,1658754000000,2022,7,25,13,0,0,Monday,545581.82417,4811242.70506,-80.436622,43.452709999999996,At/near private drive,2,P.D. only,Thru lane,unknown,unknown,Sideswipe,Unknown,Daylight,01 - Daylight,Municipal (excl. Twp. Rd.),No control,unknown,0,0,0,False,False,False,Clear,,True,Road 1: 55 CARNABY CRESCENT (IFO); Vehicle #1     Make: HYUN     Model: ELA     Colour: BLU     Style: 4D; Vehicle #2     Make: TOYT     Model: MRI     Colour: GRY     Style: 4D,12/22/2022 9:28:57 AM,,
52325,22176105,1658770200000,2022,7,25,17,30,0,Monday,545095.29622,4807780.18427,-80.442921,43.421563,At/near private drive,2,P.D. only,Thru lane,unknown,unknown,Angle,Unknown,Daylight,01 - Daylight,Municipal (excl. Twp. Rd.),No control,unknown,0,0,0,False,False,False,Clear,,True,Road 1: WILSON AVE; Road 2: FAIRWAY RD S; Vehicle #1     Make: NISS     Model: SBL     Colour: BLU     Style: 4D; Vehicle #2     Make: TOYT     Model: VEN     Colour: BRN     Style: TY,12/22/2022 9:28:23 AM,,
52326,22176744,1645020000000,2022,2,16,14,0,0,Wednesday,537051.51988,4808491.86934,-80.542238,43.428412,At/near private drive,2,Non-reportable,Thru lane,unknown,unknown,SMV unattended vehicle,Unknown,Daylight,01 - Daylight,Municipal (excl. Twp. Rd.),No control,unknown,0,0,0,False,False,False,Clear,,True,Road 1: 464 HIDDEN CREEK DR (IN FRONT OF); Vehicle #1     Make:      Model:      Colour:      Style: ; Vehicle #2     Make: HOND     Model: FKG     Colour: WHI     Style: 4B,12/22/2022 9:32:12 AM,,
52327,22179614,1657369800000,2022,7,9,12,30,0,Saturday,535937.00006,4809539.92457,-80.555938,43.437903999999996,Non intersection,2,P.D. only,Thru lane,unknown,unknown,SMV unattended vehicle,Unknown,Daylight,01 - Daylight,Regional municipality,No control,unknown,0,0,0,False,False,False,Clear,,True,Road 1: 60 IRON GATE ST (STREET SIDE PARKING); Vehicle #1     Make: HOND     Model: UDY     Colour: SIL     Style: TY; Vehicle #2     Make: HYUN     Model: ESM     Colour: BLK     Style: 4D,12/22/2022 9:28:42 AM,,
52328,22179673,1657315800000,2022,7,8,21,30,0,Friday,542313.71842,4810287.52099,-80.477087,43.444302,At intersection,2,Non-reportable,Right turn lane,unknown,unknown,Angle,Unknown,Dark,07 - Dark,Regional municipality,Traffic signal,Functioning,0,0,0,False,False,False,Clear,,True,Road 1: STIRLING AVE N; Road 2: KING ST E; Vehicle #1     Make: HYUN     Model: ESM     Colour: GRY     Style: 4D; Vehicle #2     Make:      Model:      Colour:      Style:,12/22/2022 9:36:18 AM,,
52329,22180574,1659186600000,2022,7,30,13,10,0,Saturday,536883.56746,4808795.15433,-80.544292,43.431152,Non intersection,2,P.D. only,Thru lane,unknown,unknown,Rear end,Unknown,Daylight,01 - Daylight,Municipal (excl. Twp. Rd.),No control,unknown,0,0,0,False,False,False,Clear,,True,Road 1: WESTFOREST TRAIL; Vehicle #1     Make: FORD     Model: TST     Colour: WHI     Style: FV; Vehicle #2     Make: TOYT     Model: CBL     Colour: GRY     Style: 4D,12/22/2022 9:27:20 AM,,
52330,22182298,1658516400000,2022,7,22,19,0,0,Friday,539445.46844,4805581.15273,-80.512872,43.402082,At/near private drive,2,P.D. only,Thru lane,unknown,unknown,SMV unattended vehicle,Unknown,Daylight,01 - Daylight,Regional municipality,No control,unknown,0,0,0,False,False,False,Clear,,True,Road 1: 683 ACTIVA AVE; Vehicle #1     Make: HOND     Model: UDY     Colour: BLK     Style: TY; Vehicle #2     Make: DODG     Model: CAR     Colour: RED     Style: VN,12/22/2022 9:28:12 AM,,
52331,22183955,1658391000000,2022,7,21,8,10,0,Thursday,542654.45469,4816449.31521,-80.472394,43.499763,Non intersection,2,P.D. only,Thru lane,unknown,unknown,Other,Unknown,Daylight,01 - Daylight,Municipal (excl. Twp. Rd.),No control,unknown,0,0,0,False,False,False,Clear,,True,Road 1: 122 EAGLECREST ST; Vehicle #1     Make: AUDI     Model: 4QP     Colour: WHI     Style: 4D; Vehicle #2     Make: HOND     Model: UDY     Colour: WHI     Style: VN,12/22/2022 9:35:28 AM,,
52332,22184004,1657312200000,2022,7,8,20,30,0,Friday,546744.13236,4809904.58883,-80.422371,43.44059,At/near private drive,2,Non-reportable,Thru lane,unknown,unknown,SMV unattended vehicle,Unknown,Dusk,05 - Dusk,Municipal (excl. Twp. Rd.),No control,unknown,0,0,0,False,False,False,Clear,,True,Road 1: 310 BRIARMEADOW DR (IFO); Vehicle #1     Make: TOYT     Model: C5T     Colour: GRY     Style: 4D; Vehicle #2     Make: SUBA     Model: IMP     Colour: BLU     Style: SW,12/22/2022 9:29:29 AM,,
52333,22188694,1656068400000,2022,6,24,11,0,0,Friday,542847.91603,4813076.40635,-80.47026699999999,43.469383,Intersection related,2,P.D. only,Thru lane,unknown,unknown,Rear end,Unknown,Daylight,01 - Daylight,Municipal (excl. Twp. Rd.),unknown,unknown,0,0,0,False,False,False,Clear,,True,Road 1: RIVERBEND DR; Road 2: GUELPH ST; Vehicle #1     Make: CHEV     Model: VKG     Colour: WHI     Style: PK; Vehicle #2     Make: CHEV     Model: ORL     Colour: BLK     Style: TY,12/22/2022 9:27:40 AM,,
52334,22188790,1656876000000,2022,7,3,19,20,0,Sunday,545074.90279,4807830.63911,-80.443169,43.422019,Non intersection,2,P.D. only,Thru lane,unknown,unknown,Sideswipe,Unknown,Daylight,01 - Daylight,Regional municipality,No control,unknown,0,0,0,False,False,False,Clear,,True,Road 1: WILSON AVE; Road 2: KINGSWAY DR; Vehicle #1     Make: MAZD     Model: MIA     Colour: WHI     Style: CV; Vehicle #2     Make:      Model:      Colour:      Style:,12/22/2022 9:35:50 AM,,
52335,22188834,1657027200000,2022,7,5,13,20,0,Tuesday,539134.18737,4811136.46652,-80.516318,43.452118999999996,Non intersection,2,P.D. only,Thru lane,unknown,unknown,Rear end,Unknown,Daylight,01 - Daylight,Municipal (excl. Twp. Rd.),No control,unknown,0,0,0,False,False,False,Clear,,True,Road 1: GLASGOW ST; Road 2: BELMONT AVE W; Vehicle #1     Make: FORD     Model: SPE     Colour: RED     Style: TY; Vehicle #2     Make: HOND     Model: UAX     Colour: WHI     Style: 4D,1/3/2023 10:13:55 AM,,
52336,22188929,1657407600000,2022,7,9,23,0,0,Saturday,543064.84958,4812795.94637,-80.467607,43.466845,Non intersection,2,Non-reportable,Thru lane,unknown,unknown,Sideswipe,Unknown,Dark,07 - Dark,Regional municipality,No control,unknown,0,0,0,False,False,False,Clear,,True,Road 1: WELLINGTON ST N; Road 2: RIVERBEND DR; Distance: 10.0 M S; Vehicle #1     Make: JAGU     Model: JAS     Colour: BLK     Style: 4D; Vehicle #2     Make:      Model:      Colour:      Style:,12/22/2022 9:29:28 AM,,
52337,22190436,1657519200000,2022,7,11,6,0,0,Monday,544098.32714,4804967.74642,-80.455463,43.396300000000004,At/near private drive,2,Non-reportable,Off highway,unknown,unknown,SMV unattended vehicle,Unknown,Dawn,03 - Dawn,Municipal (excl. Twp. Rd.),No control,unknown,0,0,0,False,False,False,Clear,,True,Road 1: BIEHN DR (NEAR 45); Vehicle #1     Make:      Model:      Colour:      Style: ; Vehicle #2     Make: HYUN     Model: ESS     Colour: BLU     Style: 4D,12/22/2022 9:28:19 AM,,
52338,22190447,1657643400000,2022,7,12,16,30,0,Tuesday,544716.24894,4811891.74402,-80.447266,43.458607,At/near private drive,2,P.D. only,Thru lane,unknown,unknown,SMV unattended vehicle,Unknown,Daylight,01 - Daylight,Regional municipality,No control,unknown,0,0,0,False,False,False,Clear,,True,Road 1: 420 CARSON DR (IFO 420); Vehicle #1     Make: CHEV     Model: BLT     Colour: GRY     Style: 4D; Vehicle #2     Make:      Model:      Colour:      Style:,12/22/2022 9:28:00 AM,,
52339,22191478,1658880000000,2022,7,27,0,0,0,Wednesday,544337.58461,4804506.59296,-80.452546,43.392133,At/near private drive,2,Non-reportable,Left shoulder,unknown,unknown,SMV unattended vehicle,Unknown,Dark,07 - Dark,Municipal (excl. Twp. Rd.),No control,unknown,0,0,0,False,False,False,Clear,,True,Road 1: 46 BLACK WALNUT DR (IFO); Vehicle #1     Make: INFI     Model: GAW     Colour: RED     Style: 4D; Vehicle #2     Make: PONT     Model: VIB     Colour: RED     Style: 4B,12/22/2022 9:31:16 AM,,
52340,22191507,1658941200000,2022,7,27,17,0,0,Wednesday,541878.41394,4808117.99293,-80.48263299999999,43.424792,Non intersection,2,P.D. only,Thru lane,unknown,unknown,Angle,Unknown,Daylight,01 - Daylight,Municipal (excl. Twp. Rd.),No control,unknown,0,0,0,False,False,False,Clear,,True,Road 1: ALPINE RD (IFO 192  MC DONALDS REST); Vehicle #1     Make: MERZ     Model: GK2     Colour: BLK     Style: TY; Vehicle #2     Make: KIA     Model: SOU     Colour: BLU     Style: TY,12/22/2022 9:27:25 AM,,
52341,22192387,1657281600000,2022,7,8,12,0,0,Friday,539030.4912,4811086.81132,-80.517603,43.451677,Non intersection,2,Non-reportable,Thru lane,unknown,unknown,Rear end,Unknown,Daylight,01 - Daylight,Municipal (excl. Twp. Rd.),unknown,unknown,0,0,0,False,False,False,Clear,,True,Road 1: GLASGOW ST; Road 2: BELMONT RD; Vehicle #1     Make: HOND     Model: UCL     Colour: BGE     Style: 4D; Vehicle #2     Make:      Model:      Colour:      Style:,12/22/2022 9:28:19 AM,,
52342,22207644,1656927000000,2022,7,4,9,30,0,Monday,539100.9568,4811063.45443,-80.516734,43.451463,Non intersection,2,Non-reportable,Thru lane,unknown,unknown,Sideswipe,Unknown,Daylight,01 - Daylight,Municipal (excl. Twp. Rd.),No control,unknown,0,0,0,False,False,False,Clear,,True,Road 1: BELMONT AVE W; Road 2: GLASGOW ST; Vehicle #1     Make: TOYT     Model: MTL     Colour: GRY     Style: 4D; Vehicle #2     Make:      Model:      Colour:      Style:,12/22/2022 9:35:47 AM,,
52343,22210511,1658730600000,2022,7,25,6,30,0,Monday,544047.9777,4802379.1981,-80.456293,43.372994999999996,Non intersection,2,P.D. only,Thru lane,unknown,unknown,Sideswipe,Unknown,Daylight,01 - Daylight,Municipal (excl. Twp. Rd.),No control,unknown,0,0,0,False,False,False,Clear,,True,Road 1: STAUFFER DR; Road 2: REIDEL DR; Vehicle #1     Make: LNDR     Model: EVO     Colour: BLK     Style: TY; Vehicle #2     Make: JEEP     Model: CMD     Colour: BLK     Style: TY,12/22/2022 9:28:21 AM,,
52344,22210545,1658337300000,2022,7,20,17,15,0,Wednesday,538879.97266,4809041.01391,-80.519609,43.433264,At/near private drive,2,Non-reportable,Thru lane,unknown,unknown,Sideswipe,Unknown,Daylight,01 - Daylight,Municipal (excl. Twp. Rd.),No control,unknown,0,0,0,False,False,False,Clear,,True,Road 1: 84 RALGREEN CRESCENT (IFO); Vehicle #1     Make:      Model:      Colour:      Style: ; Vehicle #2     Make: ACUR     Model: TXT     Colour: BLK     Style: 4D,12/22/2022 9:28:46 AM,,
52345,22210653,1657954800000,2022,7,16,7,0,0,Saturday,538974.27182,4806891.85702,-80.518597,43.413908,At/near private drive,2,P.D. only,Thru lane,unknown,unknown,Other,Unknown,Daylight,01 - Daylight,Municipal (excl. Twp. Rd.),No control,unknown,0,0,0,False,False,False,Clear,,True,Road 1: 16 MILFOIL CRESCENT; Vehicle #1     Make: TOYT     Model: VEN     Colour: GRY     Style: TY; Vehicle #2     Make:      Model:      Colour:      Style:,12/22/2022 9:27:59 AM,,
52346,22210913,1658687940000,2022,7,24,18,39,0,Sunday,540570.53217,4810273.42788,-80.49862999999999,43.444271,Non intersection,2,Non-reportable,Off highway,unknown,unknown,SMV unattended vehicle,Unknown,Daylight,01 - Daylight,Municipal (excl. Twp. Rd.),No control,unknown,0,0,0,False,False,False,Clear,,True,Road 1: DILL ST (IFO 29 (VICTORIA PARKING LOT)); Vehicle #1     Make:      Model:      Colour:      Style: ; Vehicle #2     Make: MAZD     Model: M3I     Colour: SIL     Style: 4D,12/22/2022 9:35:34 AM,,
52347,22210918,1659289260000,2022,7,31,17,41,0,Sunday,545849.4438,4809756.29942,-80.43343899999999,43.439311,At intersection,2,Non-reportable,Thru lane,unknown,unknown,Rear end,Unknown,Daylight,01 - Daylight,Municipal (excl. Twp. Rd.),Traffic signal,Functioning,0,0,0,False,False,False,Clear,,True,Road 1: OLD CHICOPEE DR STANLEY PARK KITCHENER; Road 2: RIVER RD E; Distance:  N; Vehicle #1     Make: TESL     Model: 3     Colour: BLK     Style: 4D; Vehicle #2     Make:      Model:      Colour:      Style:,12/22/2022 9:30:25 AM,,
52348,22211565,1658251800000,2022,7,19,17,30,0,Tuesday,543376.22014,4804611.31078,-80.46440799999999,43.393132,At/near private drive,2,P.D. only,Thru lane,unknown,unknown,SMV unattended vehicle,Unknown,Daylight,01 - Daylight,Municipal (excl. Twp. Rd.),No control,unknown,0,0,0,False,False,False,Clear,,True,Road 1: 578 OLD HURON RD (IFO); Vehicle #1     Make: TOYT     Model: AXP     Colour: SIL     Style: 4D; Vehicle #2     Make: HYUN     Model: ESM     Colour: BLK     Style: 4D,12/22/2022 9:29:44 AM,,
52349,22214475,1658866800000,2022,7,26,20,20,0,Tuesday,543908.98132,4805127.02234,-80.457788,43.397745,Non intersection,2,Non-reportable,Thru lane,unknown,unknown,Rear end,Unknown,"Daylight, artificial","02 - Daylight, artificial",Municipal (excl. Twp. Rd.),No control,unknown,0,0,0,False,False,False,Clear,,True,Road 1: HURON RD; Road 2: TRILLIUM DR; Vehicle #1     Make: TOYT     Model: CBA     Colour: SIL     Style: 4D; Vehicle #2     Make:      Model:      Colour:      Style:,12/22/2022 9:35:57 AM,,
52390,503121832,1644606600000,2022,2,11,19,10,0,Friday,544390.92797,4802934.78179,-80.452015,43.377977,Non intersection,2,Non-reportable,Thru lane,unknown,unknown,Sideswipe,Unknown,Dark,07 - Dark,Municipal (excl. Twp. Rd.),No control,unknown,0,0,0,False,False,False,Freezing Rain,,True,Road 1: ROBERT FERRIE DR; Road 2: CARYNDALE DR; Vehicle #1     Make: RAM     Model: RTR     Colour: GRY     Style: PK; Vehicle #2     Make: MAZD     Model: M3I     Colour: GRY     Style: 4B,4/22/2022 2:25:20 PM,,
52391,503124753,1645095600000,2022,2,17,11,0,0,Thursday,540474.98451,4811733.88738,-80.499702,43.457426999999996,At/near private drive,2,P.D. only,Thru lane,unknown,unknown,SMV unattended vehicle,Unknown,Daylight,01 - Daylight,Municipal (excl. Twp. Rd.),No control,unknown,0,0,0,False,False,False,Rain,,True,Road 1: 123 SHANLEY ST; Vehicle #1     Make:      Model:      Colour:      Style: ; Vehicle #2     Make: TOYT     Model: RV4     Colour: RED     Style: TY,12/22/2022 9:34:08 AM,,
52392,503124952,1645111800000,2022,2,17,15,30,0,Thursday,541868.88765,4807887.30287,-80.482768,43.422715,At intersection,2,Non-reportable,Thru lane,unknown,unknown,Angle,Unknown,Daylight,01 - Daylight,Municipal (excl. Twp. Rd.),unknown,unknown,0,0,0,False,False,False,Rain,,True,Road 1: KINGSWOOD DR; Road 2: ROBERTS CRESCENT; Vehicle #1     Make: HYUN     Model: ESM     Colour: WHI     Style: 4D; Vehicle #2     Make: KIA     Model: FLG     Colour: BLU     Style: 4D,12/22/2022 9:34:40 AM,,
52393,503125116,1645117800000,2022,2,17,17,10,0,Thursday,544807.2527,4805157.15961,-80.446694,43.397963,Intersection related,2,P.D. only,Thru lane,unknown,unknown,Rear end,Unknown,Daylight,01 - Daylight,unknown,Stop sign,Functioning,0,0,0,False,False,False,Snow,,True,Road 1: MILLWOOD CRESCENT; Road 2: DOON VILLAGE RD; Vehicle #1     Make: MERZ     Model: C5M     Colour: GRY     Style: 4D; Vehicle #2     Make:      Model:      Colour:      Style:,12/22/2022 9:34:15 AM,,
52394,503125456,1645112400000,2022,2,17,15,40,0,Thursday,545078.8632,4812028.60723,-80.442773,43.459817,Non intersection,2,Non-reportable,Thru lane,unknown,unknown,Rear end,Unknown,Daylight,01 - Daylight,Municipal (excl. Twp. Rd.),No control,unknown,0,0,0,False,False,False,Snow,,True,Road 1: LORRAINE AVE; Road 2: MONTCALM DR; Vehicle #1     Make: VOLK     Model: JSA     Colour: WHI     Style: 4D; Vehicle #2     Make:      Model:      Colour:      Style:,12/22/2022 9:34:41 AM,,
52395,503125659,1645193700000,2022,2,18,14,15,0,Friday,544068.42172,4808511.3904,-80.455547,43.428208,Intersection related,2,P.D. only,Thru lane,unknown,unknown,SMV unattended vehicle,Unknown,Daylight,01 - Daylight,Municipal (excl. Twp. Rd.),unknown,unknown,0,0,0,False,False,False,Snow,,True,Road 1: CLARK AVE; Road 2: WILSON AVE; Vehicle #1     Make: TOYT     Model: XLL     Colour: GRY     Style: 4D; Vehicle #2     Make:      Model:      Colour:      Style:,12/22/2022 9:34:31 AM,,
52396,503126689,1645282800000,2022,2,19,15,0,0,Saturday,545276.69555,4806437.95232,-80.44079099999999,43.409467,Intersection related,2,P.D. only,Thru lane,unknown,unknown,SMV unattended vehicle,Stop sign,Daylight,01 - Daylight,Municipal (excl. Twp. Rd.),Stop sign,unknown,0,0,0,False,False,False,Freezing Rain,,True,Road 1: WABANAKI DRIVE; Road 2: WILLSON AVE; Vehicle #1     Make:      Model:      Colour:      Style: ; Vehicle #2     Make: TOYT     Model: CTR     Colour: RED     Style: 4B,12/22/2022 9:34:20 AM,,
52397,503126810,1645117200000,2022,2,17,17,0,0,Thursday,543936.32981,4809147.3458,-80.457127,43.433941999999995,Underpass or tunnel,2,Non-reportable,Left turn lane,unknown,unknown,Approaching,Unknown,Daylight,01 - Daylight,Municipal (excl. Twp. Rd.),No control,unknown,0,0,0,False,False,False,Freezing Rain,,True,Road 1: ECKERT ST; Road 2: FIRST AVE; Vehicle #1     Make: KIA     Model: SPO     Colour: BLU     Style: TY; Vehicle #2     Make:      Model:      Colour:      Style:,12/22/2022 9:34:46 AM,,
52398,503127393,1645297200000,2022,2,19,19,0,0,Saturday,542800.20316,4806612.03691,-80.471363,43.411179999999995,Non intersection,2,Non-reportable,Not on roadway - right side,unknown,unknown,SMV unattended vehicle,Unknown,Dark,07 - Dark,Municipal (excl. Twp. Rd.),No control,unknown,0,0,0,False,False,False,Snow,,True,Road 1: 60 CENTURY HILL DR; Vehicle #1     Make:      Model:      Colour:      Style: ; Vehicle #2     Make: CHEV     Model: MLT     Colour: BLK     Style: 4D,12/22/2022 9:34:57 AM,,
52399,503128909,1645711200000,2022,2,24,14,0,0,Thursday,543202.09394,4804496.25719,-80.466567,43.392106,Intersection related,2,P.D. only,Thru lane,unknown,unknown,Rear end,Unknown,Daylight,01 - Daylight,Regional municipality,Yield sign,Functioning,0,0,0,False,False,False,Clear,,True,Road 1: 1830 STRASBURG RD; Road 2: HURON RD; Vehicle #1     Make: FORD     Model: TST     Colour: WHI     Style: FV; Vehicle #2     Make: CHEV     Model: SIL     Colour: BLK     Style: PK,12/22/2022 9:34:32 AM,,
52400,503130031,1645882800000,2022,2,26,13,40,0,Saturday,540217.50786,4805819.01197,-80.50332,43.404182999999996,At intersection,2,Non-reportable,Thru lane,unknown,unknown,Rear end,Unknown,Daylight,01 - Daylight,Municipal (excl. Twp. Rd.),unknown,Functioning,0,0,0,False,False,False,Clear,,True,Road 1: MAX BECKER DR; Road 2: COMMONWEALTH DR; Vehicle #1     Make: TOYT     Model: AXP     Colour: WHI     Style: 4D; Vehicle #2     Make:      Model:      Colour:      Style:,1/3/2023 10:18:41 AM,,
52401,503130664,1646052840000,2022,2,28,12,54,0,Monday,543239.97584,4811970.39034,-80.465507,43.459401,Non intersection,2,Non-reportable,Thru lane,unknown,unknown,Rear end,Unknown,Daylight,01 - Daylight,Municipal (excl. Twp. Rd.),No control,unknown,0,0,0,False,False,False,Clear,,True,Road 1: 11 ETON DR (IFO); Vehicle #1     Make: FORD     Model: SPE     Colour: WHI     Style: TY; Vehicle #2     Make: JEEP     Model: CHK     Colour: BLU     Style: TY,1/3/2023 10:10:14 AM,,
52402,503136187,1646844300000,2022,3,9,16,45,0,Wednesday,543790.23936,4809473.8677,-80.458906,43.436890999999996,Intersection related,2,P.D. only,Thru lane,unknown,unknown,Rear end,Unknown,Daylight,01 - Daylight,Municipal (excl. Twp. Rd.),unknown,Functioning,0,0,0,False,False,False,Clear,,True,Road 1: DIXON ST; Road 2: MONTGOMERY RD; Vehicle #1     Make: MAZD     Model: DMG     Colour: WHI     Style: 4W; Vehicle #2     Make: HOND     Model: CCL     Colour: RED     Style: 4D,12/22/2022 9:33:49 AM,,
52403,503138101,1647032400000,2022,3,11,21,0,0,Friday,537606.25913,4808328.62552,-80.535395,43.426915,At/near private drive,2,P.D. only,Not on roadway - right side,unknown,unknown,SMV unattended vehicle,Unknown,Dark,07 - Dark,Municipal (excl. Twp. Rd.),No control,unknown,0,0,0,False,False,False,Clear,,True,Road 1: MONTEAGLE CRESCENT; Road 2: IN FRONT OF 130; Vehicle #1     Make:      Model:      Colour:      Style: ; Vehicle #2     Make: MERZ     Model: B20     Colour: BLK     Style: 4W,12/22/2022 9:33:15 AM,,
52404,503148584,1649316600000,2022,4,7,7,30,0,Thursday,539613.09854,4809625.02751,-80.510508,43.438483999999995,Non intersection,2,P.D. only,Thru lane,unknown,unknown,Other,Unknown,Daylight,01 - Daylight,Regional municipality,No control,unknown,0,0,0,False,False,False,Clear,,True,Road 1: LAWRENCE AVE; Road 2: HIGHLAND RD W; Vehicle #1     Make: DODG     Model: CAR     Colour: BLK     Style: VN; Vehicle #2     Make: FORD     Model: FSE     Colour: RED     Style: 4D,1/3/2023 10:13:00 AM,,
52405,503153018,1650207600000,2022,4,17,15,0,0,Sunday,539408.69938,4809879.32654,-80.513016,43.440785,Intersection related,2,Non-reportable,Within intersection,unknown,unknown,Angle,Unknown,Daylight,01 - Daylight,Municipal (excl. Twp. Rd.),unknown,unknown,0,0,0,False,False,False,Clear,,True,Road 1: LAWRENCE AVE; Road 2: PAULANDER DR; Vehicle #1     Make:      Model:      Colour:      Style: ; Vehicle #2     Make: RAM     Model: RTR     Colour: BLU     Style: PK,1/3/2023 10:17:20 AM,,
52406,503153047,1650218400000,2022,4,17,18,0,0,Sunday,537870.30804,4809733.44546,-80.53203599999999,43.439551,Non intersection,2,Non-reportable,Right shoulder,unknown,unknown,SMV unattended vehicle,Unknown,Daylight,01 - Daylight,Municipal (excl. Twp. Rd.),No control,unknown,0,0,0,False,False,False,Clear,,True,Road 1: 68 INGLESIDE DR; Vehicle #1     Make:      Model:      Colour:      Style: ; Vehicle #2     Make: RAM     Model: RTR     Colour: BLU     Style: PK,1/3/2023 10:14:48 AM,,
52407,503167951,1653092100000,2022,5,21,0,15,0,Saturday,544491.01301,4811766.06991,-80.45006099999999,43.457488,At intersection,2,Non-reportable,Within intersection,unknown,unknown,Turning movement,Unknown,"Dark, artificial","08 - Dark, artificial",Regional municipality,Stop sign,Functioning,0,0,0,False,False,False,Rain,,True,Road 1: HALLIWELL DR; Road 2: RIVER RD E; Vehicle #1     Make: HOND     Model: CRV     Colour: GRY     Style: TY; Vehicle #2     Make:      Model:      Colour:      Style:,12/22/2022 9:33:24 AM,,